TITLE,YEAR,SORTED BY
Agatha All Along,2024,POPULAR
The Substance,2024,POPULAR
Shōgun,2024,POPULAR
Strange Darling,2024,POPULAR
The Wild Robot,2024,POPULAR
The Ministry of Ungentlemanly Warfare,2024,POPULAR
MaXXXine,2024,POPULAR
Bram Stoker's Dracula,1992,POPULAR
Dark Matter,2024,POPULAR
It,2017,POPULAR
Corpse Bride,2005,POPULAR
The Last of Us,2023,POPULAR
The Wild Robot,2024,TMDB_POPULARITY
The Substance,2024,TMDB_POPULARITY
Corpse Bride,2005,TMDB_POPULARITY
True Beauty,2020,TMDB_POPULARITY
Fifty Shades of Grey,2015,TMDB_POPULARITY
Baby Reindeer,2024,POPULAR
When Evil Lurks,2023,POPULAR
Edge of Tomorrow,2014,POPULAR
Lisa Frankenstein,2024,POPULAR
Euphoria,2019,POPULAR
Mean Girls,2004,POPULAR
Grave of the Fireflies,1988,POPULAR
Split,2016,POPULAR
The Zone of Interest,2023,POPULAR
Euphoria,2019,TMDB_POPULARITY
Dark Matter,2024,TMDB_POPULARITY
Descendants: The Rise of Red,2024,TMDB_POPULARITY
Shōgun,2024,TMDB_POPULARITY
Little Bites,2024,TMDB_POPULARITY
The Ministry of Ungentlemanly Warfare,2024,TMDB_POPULARITY
Strange Darling,2024,TMDB_POPULARITY
Avatar: The Way of Water,2022,TMDB_POPULARITY
Scam 1992: The Harshad Mehta Story,2020,IMDB_SCORE
Jai Bhim,2021,IMDB_SCORE
The Last of Us,2023,IMDB_SCORE
Shōgun,2024,IMDB_SCORE
Grave of the Fireflies,1988,IMDB_SCORE
Omni Loop,2024,POPULAR
Gone Girl,2014,POPULAR
Meet Joe Black,1998,POPULAR
Oldboy,2003,POPULAR
The Grand Budapest Hotel,2014,POPULAR
Under the Skin,2013,POPULAR
The Devil Wears Prada,2006,POPULAR
The Age of Adaline,2015,POPULAR
Last Night in Soho,2021,POPULAR
It,2017,TMDB_POPULARITY
The Age of Adaline,2015,TMDB_POPULARITY
The Last of Us,2023,TMDB_POPULARITY
Agatha All Along,2024,TMDB_POPULARITY
Sri Asih,2022,TMDB_POPULARITY
Mean Girls,2004,TMDB_POPULARITY
Fifty Shades Freed,2018,TMDB_POPULARITY
MaXXXine,2024,TMDB_POPULARITY
The Railway Men - The Untold Story of Bhopal 1984,2023,IMDB_SCORE
Turning Point: The Bomb and the Cold War,2024,IMDB_SCORE
Gokuraku Sento Busty Hot Water Momi,2011,IMDB_SCORE
The Wild Robot,2024,IMDB_SCORE
Oldboy,2003,IMDB_SCORE
Euphoria,2019,IMDB_SCORE
Citizen Kane,1941,IMDB_SCORE
Andhadhun,2018,IMDB_SCORE
Caliphate,2020,IMDB_SCORE
The Time Traveler's Wife,2022,POPULAR
The Favourite,2018,POPULAR
The Sandman,2022,POPULAR
Martyrs,2008,POPULAR
Troy,2004,POPULAR
Fifty Shades of Grey,2015,POPULAR
Y Tu Mamá También,2001,POPULAR
"Salò, or the 120 Days of Sodom",1976,POPULAR
A Serbian Film,2010,TMDB_POPULARITY
The Diary,2024,TMDB_POPULARITY
Split,2016,TMDB_POPULARITY
Cinderella,2015,TMDB_POPULARITY
Meet Joe Black,1998,TMDB_POPULARITY
Cheeky,2000,TMDB_POPULARITY
Alice in Wonderland,2010,TMDB_POPULARITY
Some Like It Hot,1959,IMDB_SCORE
The Grand Budapest Hotel,2014,IMDB_SCORE
Gone Girl,2014,IMDB_SCORE
Room,2015,IMDB_SCORE
12 Years a Slave,2013,IMDB_SCORE
Mommy,2014,IMDB_SCORE
True Beauty,2020,IMDB_SCORE
TAYLOR SWIFT | THE ERAS TOUR,2023,IMDB_SCORE
Rascal Does Not Dream of Bunny Girl Senpai,2018,IMDB_SCORE
Mamma Mia!,2008,POPULAR
Promising Young Woman,2020,POPULAR
First Man,2018,POPULAR
Pretty Woman,1990,POPULAR
Legally Blonde,2001,POPULAR
The Love Witch,2016,POPULAR
Fifty Shades Darker,2017,POPULAR
Easy A,2010,POPULAR
Kraven the Hunter,2024,TMDB_POPULARITY
Man vs Wild with Sunny Leone,2018,TMDB_POPULARITY
Bionic,2024,TMDB_POPULARITY
The Devil Wears Prada,2006,TMDB_POPULARITY
May-December-January,2022,TMDB_POPULARITY
Fifty Shades Darker,2017,TMDB_POPULARITY
Troy,2004,TMDB_POPULARITY
The Passion of the Christ,2004,TMDB_POPULARITY
Life of Pi,2012,IMDB_SCORE
Edge of Tomorrow,2014,IMDB_SCORE
Talk to Her,2002,IMDB_SCORE
Soldier's Girl,2003,IMDB_SCORE
Call Me by Your Name,2017,IMDB_SCORE
Two Autumns in Paris,2020,IMDB_SCORE
Back to the Future Part II,1989,IMDB_SCORE
Lilya 4-ever,2002,IMDB_SCORE
Sub Rosa,2014,IMDB_SCORE
MILF Manor,2023,POPULAR
Bring It On,2000,POPULAR
A Family Affair,2024,POPULAR
America's Sweethearts: Dallas Cowboys Cheerleaders,2024,POPULAR
Sector 36,2024,POPULAR
The Girl Next Door,2004,POPULAR
Irreversible,2002,POPULAR
Oblivion,2013,POPULAR
The Grand Budapest Hotel,2014,TMDB_POPULARITY
Hellbound,2021,TMDB_POPULARITY
Gone Girl,2014,TMDB_POPULARITY
Hostel: Part II,2007,TMDB_POPULARITY
American Pie,1999,TMDB_POPULARITY
The Sandman,2022,TMDB_POPULARITY
The Playboy Murders,2023,TMDB_POPULARITY
Bram Stoker's Dracula,1992,TMDB_POPULARITY
MILF Manor,2023,TMDB_POPULARITY
The Time Traveler's Wife,2022,IMDB_SCORE
The Sandman,2022,IMDB_SCORE
Good Girl Jane,2024,IMDB_SCORE
Y Tu Mamá También,2001,IMDB_SCORE
Undercover Underage,2021,IMDB_SCORE
The Substance,2024,IMDB_SCORE
Baby Reindeer,2024,IMDB_SCORE
Our Living World,2024,IMDB_SCORE
300,2007,POPULAR
American Pie,1999,POPULAR
Red Sparrow,2018,POPULAR
Jumanji: Welcome to the Jungle,2017,POPULAR
Exploding Kittens,2024,POPULAR
Descendants: The Rise of Red,2024,POPULAR
Brotherhood of the Wolf,2001,POPULAR
Indecent Proposal,1993,TMDB_POPULARITY
Baby Reindeer,2024,TMDB_POPULARITY
Valerian and the City of a Thousand Planets,2017,TMDB_POPULARITY
Back to the Future Part III,1990,TMDB_POPULARITY
The Girl Next Door,2004,TMDB_POPULARITY
Desperate Lies,2024,TMDB_POPULARITY
The Zone of Interest,2023,TMDB_POPULARITY
Exploding Kittens,2024,TMDB_POPULARITY
When Evil Lurks,2023,TMDB_POPULARITY
Dark Matter,2024,IMDB_SCORE
300,2007,IMDB_SCORE
Shiddat,2021,IMDB_SCORE
Belle de Jour,1967,IMDB_SCORE
Madaari,2016,IMDB_SCORE
Boys Don't Cry,1999,IMDB_SCORE
The Favourite,2018,IMDB_SCORE
Blink,2024,IMDB_SCORE
The Dreamers,2003,POPULAR
U Turn,1997,POPULAR
Crazy Rich Asians,2018,POPULAR
The Voyeurs,2021,POPULAR
Hellbound,2021,POPULAR
Desperate Lies,2024,POPULAR
Back to the Future Part II,1989,POPULAR
Secretary,2002,POPULAR
Crazy Rich Asians,2018,TMDB_POPULARITY
Rascal Does Not Dream of Bunny Girl Senpai,2018,TMDB_POPULARITY
I Spit on Your Grave 2,2013,TMDB_POPULARITY
TAYLOR SWIFT | THE ERAS TOUR,2023,TMDB_POPULARITY
Legally Blonde,2001,TMDB_POPULARITY
Sub Rosa,2014,TMDB_POPULARITY
Some Like It Hot,1959,TMDB_POPULARITY
In the Realm of the Senses,1976,TMDB_POPULARITY
The School for Good and Evil,2022,TMDB_POPULARITY
Bhoothakaalam,2022,IMDB_SCORE
Marriage Contract,2016,IMDB_SCORE
Promising Young Woman,2020,IMDB_SCORE
Avatar: The Way of Water,2022,IMDB_SCORE
Tootsie,1982,IMDB_SCORE
Back to the Future Part III,1990,IMDB_SCORE
Bram Stoker's Dracula,1992,IMDB_SCORE
Love,2015,POPULAR
Humane,2024,POPULAR
She's the Man,2006,POPULAR
Room,2015,POPULAR
Ocean's Eight,2018,POPULAR
Indecent Proposal,1993,POPULAR
Fifty Shades Freed,2018,POPULAR
12 Years a Slave,2013,POPULAR
Jumanji: Welcome to the Jungle,2017,TMDB_POPULARITY
A Family Affair,2024,TMDB_POPULARITY
Call Me by Your Name,2017,TMDB_POPULARITY
Irreversible,2002,TMDB_POPULARITY
Sector 36,2024,TMDB_POPULARITY
The Voyeurs,2021,TMDB_POPULARITY
Scam 1992: The Harshad Mehta Story,2020,TMDB_POPULARITY
300,2007,TMDB_POPULARITY
Welcome Home,2020,IMDB_SCORE
Corpse Bride,2005,IMDB_SCORE
The Zone of Interest,2023,IMDB_SCORE
Antonia's Line,1995,IMDB_SCORE
Freddy,2022,IMDB_SCORE
Troy,2004,IMDB_SCORE
Split,2016,IMDB_SCORE
Call Me by Your Name,2017,POPULAR
The Passion of the Christ,2004,POPULAR
Not Another Teen Movie,2001,POPULAR
Marie Antoinette,2006,POPULAR
True Beauty,2020,POPULAR
Back to the Future Part III,1990,POPULAR
I Spit on Your Grave,2010,POPULAR
Citizen Kane,1941,POPULAR
Art of Love,2024,TMDB_POPULARITY
Oldboy,2003,TMDB_POPULARITY
Edge of Tomorrow,2014,TMDB_POPULARITY
Mommy,2014,TMDB_POPULARITY
The Dreamers,2003,TMDB_POPULARITY
Pretty Woman,1990,TMDB_POPULARITY
Back to the Future Part II,1989,TMDB_POPULARITY
Our Living World,2024,TMDB_POPULARITY
Irreversible,2002,IMDB_SCORE
First Man,2018,IMDB_SCORE
It,2017,IMDB_SCORE
La Femme Nikita,1990,IMDB_SCORE
The Passion of the Christ,2004,IMDB_SCORE
Meet Joe Black,1998,IMDB_SCORE
IB 71,2023,IMDB_SCORE
Turning Point: The Bomb and the Cold War,2024,POPULAR
TAYLOR SWIFT | THE ERAS TOUR,2023,POPULAR
Disappear Completely,2024,POPULAR
The Time Traveler's Wife,2009,POPULAR
Bionic,2024,POPULAR
Avatar: The Way of Water,2022,POPULAR
Little Bites,2024,POPULAR
Colors of Evil: Red,2024,POPULAR
I Spit on Your Grave,2010,TMDB_POPULARITY
Ocean's Eight,2018,TMDB_POPULARITY
She's the Man,2006,TMDB_POPULARITY
Adore,2013,TMDB_POPULARITY
The Human Centipede (First Sequence),2009,TMDB_POPULARITY
Mira,2022,TMDB_POPULARITY
The Time Traveler's Wife,2022,TMDB_POPULARITY
NH 10,2015,IMDB_SCORE
Don't Look Up,2021,IMDB_SCORE
That They May Face the Rising Sun,2024,IMDB_SCORE
Strange Darling,2024,IMDB_SCORE
Kamikaze Girls,2004,IMDB_SCORE
Sector 36,2024,IMDB_SCORE
The Age of Adaline,2015,IMDB_SCORE
Valerian and the City of a Thousand Planets,2017,POPULAR
Undercover Underage,2021,POPULAR
Latency,2024,POPULAR
The Playboy Murders,2023,POPULAR
The Antisocial Network: Memes to Mayhem,2024,POPULAR
Black Barbie: A Documentary,2024,POPULAR
Some Like It Hot,1959,POPULAR
A Serbian Film,2010,POPULAR
Kraven the Hunter,2024,POPULAR
Miss Congeniality 2: Armed and Fabulous,2005,TMDB_POPULARITY
Martyrs,2008,TMDB_POPULARITY
Under the Skin,2013,TMDB_POPULARITY
Lisa Frankenstein,2024,TMDB_POPULARITY
Life of Pi,2012,TMDB_POPULARITY
Lilya 4-ever,2002,TMDB_POPULARITY
Ava,2020,TMDB_POPULARITY
Mean Girls,2004,IMDB_SCORE
The Dreamers,2003,IMDB_SCORE
Pretty Woman,1990,IMDB_SCORE
The Whistleblower,2010,IMDB_SCORE
"LSD: Love, Sex aur Dhokha",2010,IMDB_SCORE
Spice Up Our Love,2024,IMDB_SCORE
The Time Traveler's Wife,2009,IMDB_SCORE
Munjya,2024,POPULAR
The Girl Next Door,2007,POPULAR
Bad Newz,2024,POPULAR
A Teacher,2013,POPULAR
The Diary,2024,POPULAR
The Human Centipede (First Sequence),2009,POPULAR
"LSD: Love, Sex aur Dhokha",2010,POPULAR
The Price of Nonna's Inheritance,2024,POPULAR
Americana,2023,POPULAR
The Playboy Club,2011,TMDB_POPULARITY
The Moon,2023,TMDB_POPULARITY
Secretary,2002,TMDB_POPULARITY
Queen Cleopatra,2023,TMDB_POPULARITY
Mamma Mia!,2008,TMDB_POPULARITY
Nine 1/2 Weeks,1986,TMDB_POPULARITY
Naughty,2023,TMDB_POPULARITY
American Pie,1999,IMDB_SCORE
America's Sweethearts: Dallas Cowboys Cheerleaders,2024,IMDB_SCORE
Brotherhood of the Wolf,2001,IMDB_SCORE
Oblivion,2013,IMDB_SCORE
Last Night in Soho,2021,IMDB_SCORE
Sex and Lucía,2001,IMDB_SCORE
Different for Girls,1996,IMDB_SCORE
The Plan Man,2014,IMDB_SCORE
Ava,2020,POPULAR
Basic Instinct 2,2006,POPULAR
A Tribe Called Judah,2023,POPULAR
Our Living World,2024,POPULAR
Rascal Does Not Dream of Bunny Girl Senpai,2018,POPULAR
Cinderella,2015,POPULAR
Savages,2012,POPULAR
The Archies,2023,POPULAR
Oblivion,2013,TMDB_POPULARITY
Guinea Pig Part 2: Flower of Flesh and Blood,1985,TMDB_POPULARITY
Y Tu Mamá También,2001,TMDB_POPULARITY
Swingers,2002,TMDB_POPULARITY
Marie Antoinette,2006,TMDB_POPULARITY
Don't Look Up,2021,TMDB_POPULARITY
First Man,2018,TMDB_POPULARITY
Martyrs,2008,IMDB_SCORE
Easy A,2010,IMDB_SCORE
Jumanji: Welcome to the Jungle,2017,IMDB_SCORE
Secretary,2002,IMDB_SCORE
Agatha All Along,2024,IMDB_SCORE
Crazy Rich Asians,2018,IMDB_SCORE
Desperate Lies,2024,IMDB_SCORE
When Evil Lurks,2023,IMDB_SCORE
Seize Them!,2024,POPULAR
Swallow,2020,POPULAR
Blonde,2022,POPULAR
Girls Trip,2017,POPULAR
Shaitaan,2024,POPULAR
I Spit on Your Grave 2,2013,POPULAR
Life of Pi,2012,POPULAR
Don't Look Up,2021,POPULAR
Queen Cleopatra,2023,POPULAR
The Railway Men - The Untold Story of Bhopal 1984,2023,TMDB_POPULARITY
Latency,2024,TMDB_POPULARITY
The Story of O,1975,TMDB_POPULARITY
12 Years a Slave,2013,TMDB_POPULARITY
Caliphate,2020,TMDB_POPULARITY
Baise-moi,2000,TMDB_POPULARITY
Cinderella,2015,IMDB_SCORE
Haseen Dillruba,2021,IMDB_SCORE
Fashion,2008,IMDB_SCORE
Women Talking,2022,IMDB_SCORE
The Devil Wears Prada,2006,IMDB_SCORE
Vikrant Rona,2022,IMDB_SCORE
Dogs Don't Wear Pants,2019,IMDB_SCORE
Good Newwz,2019,IMDB_SCORE
Women Talking,2022,POPULAR
The Eyes of My Mother,2016,POPULAR
Boys Don't Cry,1999,POPULAR
The House Bunny,2008,POPULAR
Lilya 4-ever,2002,POPULAR
The School for Good and Evil,2022,POPULAR
Art of Love,2024,POPULAR
Restore Point,2023,POPULAR
Hostel,2005,TMDB_POPULARITY
Citizen Kane,1941,TMDB_POPULARITY
Fidelity,2019,TMDB_POPULARITY
Unsane,2018,TMDB_POPULARITY
The Price of Nonna's Inheritance,2024,TMDB_POPULARITY
Mean Girls 2,2011,TMDB_POPULARITY
Last Night in Soho,2021,TMDB_POPULARITY
The Ministry of Ungentlemanly Warfare,2024,IMDB_SCORE
Exploding Kittens,2024,IMDB_SCORE
The Girl Next Door,2004,IMDB_SCORE
U Turn,1997,IMDB_SCORE
Chandigarh Kare Aashiqui,2021,IMDB_SCORE
In the Realm of the Senses,1976,IMDB_SCORE
Maharaj,2024,IMDB_SCORE
Shaitaan,2024,IMDB_SCORE
Sleeping Beauty,2011,POPULAR
The Whistleblower,2010,POPULAR
The Moon,2023,POPULAR
Queen of The Night,2013,POPULAR
Mira,2022,POPULAR
The Story of O,1975,POPULAR
Scam 1992: The Harshad Mehta Story,2020,POPULAR
Black Barbie: A Documentary,2024,TMDB_POPULARITY
Colors of Evil: Red,2024,TMDB_POPULARITY
My Mistress,2014,TMDB_POPULARITY
The Girl Next Door,2007,TMDB_POPULARITY
Not Another Teen Movie,2001,TMDB_POPULARITY
Girls Trip,2017,TMDB_POPULARITY
Agra,2023,TMDB_POPULARITY
Red Sparrow,2018,IMDB_SCORE
Peak Season,2024,IMDB_SCORE
Hellbound,2021,IMDB_SCORE
Munjya,2024,IMDB_SCORE
Adire,2023,IMDB_SCORE
The World of Kanako,2014,IMDB_SCORE
Americana,2023,IMDB_SCORE
The Girl Next Door,2007,IMDB_SCORE
Mamma Mia!,2008,IMDB_SCORE
Poison Ivy,1992,POPULAR
Curiosa,2019,POPULAR
Hostel,2005,POPULAR
Caliphate,2020,POPULAR
Tootsie,1982,POPULAR
The Railway Men - The Untold Story of Bhopal 1984,2023,POPULAR
I Could Never Be Your Woman,2007,POPULAR
Helter Skelter,2012,TMDB_POPULARITY
"Salò, or the 120 Days of Sodom",1976,TMDB_POPULARITY
Marriage Contract,2016,TMDB_POPULARITY
Gokuraku Sento Busty Hot Water Momi,2011,TMDB_POPULARITY
Basic Instinct 2,2006,TMDB_POPULARITY
Stepmom 2019,2019,TMDB_POPULARITY
Blonde,2022,TMDB_POPULARITY
Belle de Jour,1967,TMDB_POPULARITY
Marie Antoinette,2006,IMDB_SCORE
Legally Blonde,2001,IMDB_SCORE
The Duke of Burgundy,2014,IMDB_SCORE
The Playboy Murders,2023,IMDB_SCORE
Swallow,2020,IMDB_SCORE
Alice in Wonderland,2010,IMDB_SCORE
Helter Skelter,2012,IMDB_SCORE
Colors of Evil: Red,2024,IMDB_SCORE
Unsane,2018,IMDB_SCORE
Promising Young Woman,2020,TMDB_POPULARITY
The House,2022,TMDB_POPULARITY
Red Sparrow,2018,TMDB_POPULARITY
Bring It On,2000,TMDB_POPULARITY
Munjya,2024,TMDB_POPULARITY
Boys Don't Cry,1999,TMDB_POPULARITY
Andhadhun,2018,TMDB_POPULARITY
Savages,2012,IMDB_SCORE
Valerian and the City of a Thousand Planets,2017,IMDB_SCORE
She's the Man,2006,IMDB_SCORE
Man vs Wild with Sunny Leone,2018,IMDB_SCORE
The Antisocial Network: Memes to Mayhem,2024,IMDB_SCORE
MaXXXine,2024,IMDB_SCORE
Antiporno,2017,IMDB_SCORE
Easy A,2010,TMDB_POPULARITY
Milf,2010,TMDB_POPULARITY
Brotherhood of the Wolf,2001,TMDB_POPULARITY
Curiosa,2019,TMDB_POPULARITY
La Femme Nikita,1990,TMDB_POPULARITY
Jai Bhim,2021,TMDB_POPULARITY
The Love Witch,2016,TMDB_POPULARITY
Sex and Lucía,2001,TMDB_POPULARITY
Sri Asih,2022,IMDB_SCORE
Two Night Stand,2014,IMDB_SCORE
Under the Skin,2013,IMDB_SCORE
Shooting My Life's Script,2024,IMDB_SCORE
Ocean's Eight,2018,IMDB_SCORE
The Ramen Girl,2008,IMDB_SCORE
Girls Trip,2017,IMDB_SCORE
Touched,2024,IMDB_SCORE
The Eyes of My Mother,2016,IMDB_SCORE
An Ordinary Mother,2022,IMDB_SCORE
Unsane,2018,POPULAR
Sex and Lucía,2001,POPULAR
Nine 1/2 Weeks,1986,POPULAR
Adore,2013,POPULAR
Infidelity in Suburbia,2017,POPULAR
The Ceremony,2015,POPULAR
Jai Bhim,2021,POPULAR
Vikrant Rona,2022,POPULAR
La Femme Nikita,1990,POPULAR
Pet,2016,POPULAR
Soldier's Girl,2003,POPULAR
The Duke of Burgundy,2014,POPULAR
Mommy,2014,POPULAR
Mostly Sunny,2017,POPULAR
Fukrey 3,2023,POPULAR
Alice in Wonderland,2010,POPULAR
In the Realm of the Senses,1976,POPULAR
Adire,2023,POPULAR
Maharaj,2024,POPULAR
Haseen Dillruba,2021,POPULAR
Terminal,2018,POPULAR
Hostel: Part II,2007,POPULAR
The World of Kanako,2014,POPULAR
Talk to Her,2002,POPULAR
Andhadhun,2018,POPULAR
Adore,2013,IMDB_SCORE
The Playboy Club,2011,IMDB_SCORE
Fistik gibi masallah,1964,IMDB_SCORE
Restore Point,2023,IMDB_SCORE
I Spit on Your Grave,2010,IMDB_SCORE
Disappear Completely,2024,IMDB_SCORE
Chandigarh Kare Aashiqui,2021,POPULAR
The Escort,2016,POPULAR
American Kamasutra,2018,POPULAR
Baise-moi,2000,POPULAR
Miss Congeniality 2: Armed and Fabulous,2005,POPULAR
Mean Girls 2,2011,POPULAR
Borders of Love,2022,POPULAR
The Love Witch,2016,IMDB_SCORE
The Voyeurs,2021,IMDB_SCORE
Love,2015,IMDB_SCORE
Lisa Frankenstein,2024,IMDB_SCORE
Bring It On,2000,IMDB_SCORE
Children of the Salt,2017,IMDB_SCORE
Paranoia,1969,IMDB_SCORE
Shooting My Life's Script,2024,POPULAR
Cam,2018,POPULAR
Fashion,2008,POPULAR
Belle de Jour,1967,POPULAR
Fidelity,2019,POPULAR
Veere Di Wedding,2018,POPULAR
Two Night Stand,2014,POPULAR
I Could Never Be Your Woman,2007,IMDB_SCORE
Indecent Proposal,1993,IMDB_SCORE
Cam,2018,IMDB_SCORE
Black Barbie: A Documentary,2024,IMDB_SCORE
The Moon,2023,IMDB_SCORE
A Tribe Called Judah,2023,IMDB_SCORE
The School for Good and Evil,2022,IMDB_SCORE
Marriage Contract,2016,POPULAR
Milf,2010,POPULAR
Plank Face,2016,POPULAR
The Ramen Girl,2008,POPULAR
A Burning Hot Summer,2011,POPULAR
Cheeky,2000,POPULAR
Elles,2011,POPULAR
Nine 1/2 Weeks,1986,IMDB_SCORE
Hostel,2005,IMDB_SCORE
"Salò, or the 120 Days of Sodom",1976,IMDB_SCORE
Not Another Teen Movie,2001,IMDB_SCORE
Agra,2023,IMDB_SCORE
Mira,2022,IMDB_SCORE
Ken Park,2003,IMDB_SCORE
NH 10,2015,POPULAR
Dogs Don't Wear Pants,2019,POPULAR
The Brown Bunny,2004,POPULAR
Madaari,2016,POPULAR
Antonia's Line,1995,POPULAR
Four Lovers,2010,POPULAR
Poison Ivy: The New Seduction,1997,POPULAR
Bits & Pieces,1996,POPULAR
I Spit on Your Grave 2,2013,IMDB_SCORE
Bits & Pieces,1996,IMDB_SCORE
The House,2022,IMDB_SCORE
Gemini,2005,IMDB_SCORE
Queen of The Night,2013,IMDB_SCORE
Fidelity,2019,IMDB_SCORE
Pet,2016,IMDB_SCORE
Maharaj,2024,TMDB_POPULARITY
The Favourite,2018,TMDB_POPULARITY
Bad Newz,2024,TMDB_POPULARITY
Love,2015,TMDB_POPULARITY
Scorpio Nights 3,2022,TMDB_POPULARITY
The House Bunny,2008,TMDB_POPULARITY
Good Newwz,2019,POPULAR
Antiporno,2017,POPULAR
Different for Girls,1996,POPULAR
Haseena,2018,POPULAR
My Mistress,2014,POPULAR
Sri Asih,2022,POPULAR
Man vs Wild with Sunny Leone,2018,POPULAR
May-December-January,2022,POPULAR
Four Lovers,2010,IMDB_SCORE
Elles,2011,IMDB_SCORE
Borders of Love,2022,IMDB_SCORE
Scorpio Nights 3,2022,IMDB_SCORE
Swingers,2002,IMDB_SCORE
The Ceremony,2015,IMDB_SCORE
U Turn,1997,TMDB_POPULARITY
Borders of Love,2022,TMDB_POPULARITY
The Time Traveler's Wife,2009,TMDB_POPULARITY
American Kamasutra,2018,TMDB_POPULARITY
Shiddat,2021,TMDB_POPULARITY
Poison Ivy,1992,TMDB_POPULARITY
Savages,2012,TMDB_POPULARITY
Sub Rosa,2014,POPULAR
The Playboy Club,2011,POPULAR
Naughty,2023,POPULAR
Guinea Pig Part 2: Flower of Flesh and Blood,1985,POPULAR
Swingers,2002,POPULAR
Agra,2023,POPULAR
Helter Skelter,2012,POPULAR
Hostel: Part II,2007,IMDB_SCORE
The House Bunny,2008,IMDB_SCORE
Free Time,2023,IMDB_SCORE
Blonde,2022,IMDB_SCORE
Fukrey 3,2023,IMDB_SCORE
Humane,2024,IMDB_SCORE
The Mistress of Spices,2005,IMDB_SCORE
Two Night Stand,2014,TMDB_POPULARITY
Infidelity in Suburbia,2017,TMDB_POPULARITY
Ken Park,2003,TMDB_POPULARITY
Shooting My Life's Script,2024,TMDB_POPULARITY
Cam,2018,TMDB_POPULARITY
Kamikaze Girls,2004,TMDB_POPULARITY
Poison Ivy: The New Seduction,1997,TMDB_POPULARITY
Gokuraku Sento Busty Hot Water Momi,2011,POPULAR
Stepmom 2019,2019,POPULAR
The House,2022,POPULAR
Scorpio Nights 3,2022,POPULAR
Shiddat,2021,POPULAR
Ken Park,2003,POPULAR
Kamikaze Girls,2004,POPULAR
Omni Loop,2024,IMDB_SCORE
Ava,2020,IMDB_SCORE
Mostly Sunny,2017,IMDB_SCORE
My Mistress,2014,IMDB_SCORE
Fruits of Passion,1981,IMDB_SCORE
Terminal,2018,IMDB_SCORE
Poison Ivy,1992,IMDB_SCORE
Haseen Dillruba,2021,TMDB_POPULARITY
Poison Ivy 2: Lily,1996,TMDB_POPULARITY
Terminal,2018,TMDB_POPULARITY
Balestra,2024,TMDB_POPULARITY
Poison Ivy 2: Lily,1996,POPULAR
Balestra,2024,POPULAR
Fall,2023,POPULAR
The Salamander,2023,POPULAR
The House of Pleasure,1994,POPULAR
Bula,2023,POPULAR
Fruits of Passion,1981,POPULAR
Curiosa,2019,IMDB_SCORE
Cheeky,2000,IMDB_SCORE
The Salamander,2023,IMDB_SCORE
Cleopatra,2007,IMDB_SCORE
Fall,2023,IMDB_SCORE
The Story of O,1975,IMDB_SCORE
The Price of Nonna's Inheritance,2024,IMDB_SCORE
Room,2015,TMDB_POPULARITY
Swallow,2020,TMDB_POPULARITY
Undercover Underage,2021,TMDB_POPULARITY
Women Talking,2022,TMDB_POPULARITY
Humane,2024,TMDB_POPULARITY
Tootsie,1982,TMDB_POPULARITY
Fall,2023,TMDB_POPULARITY
Good Girl Jane,2024,POPULAR
The Mistress of Spices,2005,POPULAR
Motel Melati,2023,POPULAR
Heroine,2012,POPULAR
The Pet,2006,POPULAR
Peak Season,2024,POPULAR
Gemini,2005,POPULAR
Sleeping Beauty,2011,IMDB_SCORE
Salamat Daks,2023,IMDB_SCORE
Motel Melati,2023,IMDB_SCORE
May-December-January,2022,IMDB_SCORE
Miss Congeniality 2: Armed and Fabulous,2005,IMDB_SCORE
The Escort,2016,IMDB_SCORE
The Salamander,2023,TMDB_POPULARITY
The House of Pleasure,1994,TMDB_POPULARITY
Dogs Don't Wear Pants,2019,TMDB_POPULARITY
Restore Point,2023,TMDB_POPULARITY
Talk to Her,2002,TMDB_POPULARITY
Omni Loop,2024,TMDB_POPULARITY
The Brown Bunny,2004,TMDB_POPULARITY
Salamat Daks,2023,POPULAR
Children of the Salt,2017,POPULAR
An Ordinary Mother,2022,POPULAR
Freddy,2022,POPULAR
Mistress,1976,POPULAR
Welcome Home,2020,POPULAR
Mistress of Souls,2007,POPULAR
Seize Them!,2024,IMDB_SCORE
Bad Newz,2024,IMDB_SCORE
A Burning Hot Summer,2011,IMDB_SCORE
Heroine,2012,IMDB_SCORE
Balestra,2024,IMDB_SCORE
Plank Face,2016,IMDB_SCORE
A Serbian Film,2010,IMDB_SCORE
Domme,2023,IMDB_SCORE
Seize Them!,2024,TMDB_POPULARITY
America's Sweethearts: Dallas Cowboys Cheerleaders,2024,TMDB_POPULARITY
Sleeping Beauty,2011,TMDB_POPULARITY
The Ramen Girl,2008,TMDB_POPULARITY
Bula,2023,TMDB_POPULARITY
Fruits of Passion,1981,TMDB_POPULARITY
A Tribe Called Judah,2023,TMDB_POPULARITY
Domme,2023,POPULAR
Paranoia,1969,POPULAR
That They May Face the Rising Sun,2024,POPULAR
The Plan Man,2014,POPULAR
School Of Surrender,2005,POPULAR
The Lesser Evil,2014,POPULAR
Touched,2024,POPULAR
The Brown Bunny,2004,IMDB_SCORE
A Teacher,2013,IMDB_SCORE
The Diary,2024,IMDB_SCORE
Bula,2023,IMDB_SCORE
Poison Ivy: The New Seduction,1997,IMDB_SCORE
Naughty,2023,IMDB_SCORE
Descendants: The Rise of Red,2024,IMDB_SCORE
The Eyes of My Mother,2016,TMDB_POPULARITY
A Teacher,2013,TMDB_POPULARITY
Antiporno,2017,TMDB_POPULARITY
Elles,2011,TMDB_POPULARITY
Pet,2016,TMDB_POPULARITY
Shaitaan,2024,TMDB_POPULARITY
Bhoothakaalam,2022,POPULAR
Two Autumns in Paris,2020,POPULAR
Chained Heat 2001: Slave Lovers,2001,POPULAR
Some Like It Cold,2014,POPULAR
Mistresses,2019,POPULAR
Why Did You Come to My House,2009,POPULAR
Free Time,2023,POPULAR
Fifty Shades Darker,2017,IMDB_SCORE
Mistresses,2019,IMDB_SCORE
Art of Love,2024,IMDB_SCORE
Fifty Shades Freed,2018,IMDB_SCORE
Little Bites,2024,IMDB_SCORE
Poison Ivy 2: Lily,1996,IMDB_SCORE
The Human Centipede (First Sequence),2009,IMDB_SCORE
Good Girl Jane,2024,TMDB_POPULARITY
Turning Point: The Bomb and the Cold War,2024,TMDB_POPULARITY
A Burning Hot Summer,2011,TMDB_POPULARITY
The Mistress of Spices,2005,TMDB_POPULARITY
Soldier's Girl,2003,TMDB_POPULARITY
The Duke of Burgundy,2014,TMDB_POPULARITY
Motel Melati,2023,TMDB_POPULARITY
IB 71,2023,POPULAR
The Secret Weapon,2021,POPULAR
Cleopatra,2007,POPULAR
Blink,2024,POPULAR
Spice Up Our Love,2024,POPULAR
I'm Monica Bellucci,2021,POPULAR
Fistik gibi masallah,1964,POPULAR
Baise-moi,2000,IMDB_SCORE
Basic Instinct 2,2006,IMDB_SCORE
The House of Pleasure,1994,IMDB_SCORE
Haseena,2018,IMDB_SCORE
Bionic,2024,IMDB_SCORE
Some Like It Cold,2014,IMDB_SCORE
The Archies,2023,IMDB_SCORE
The Whistleblower,2010,TMDB_POPULARITY
The Archies,2023,TMDB_POPULARITY
Four Lovers,2010,TMDB_POPULARITY
I Could Never Be Your Woman,2007,TMDB_POPULARITY
The World of Kanako,2014,TMDB_POPULARITY
Americana,2023,TMDB_POPULARITY
Heroine,2012,TMDB_POPULARITY
Infidelity in Suburbia,2017,IMDB_SCORE
Fifty Shades of Grey,2015,IMDB_SCORE
Mean Girls 2,2011,IMDB_SCORE
Latency,2024,IMDB_SCORE
MILF Manor,2023,IMDB_SCORE
The Pet,2006,IMDB_SCORE
Disappear Completely,2024,TMDB_POPULARITY
The Antisocial Network: Memes to Mayhem,2024,TMDB_POPULARITY
Plank Face,2016,TMDB_POPULARITY
Fashion,2008,TMDB_POPULARITY
The Pet,2006,TMDB_POPULARITY
Peak Season,2024,TMDB_POPULARITY
Gemini,2005,TMDB_POPULARITY
Salamat Daks,2023,TMDB_POPULARITY
Veere Di Wedding,2018,IMDB_SCORE
American Kamasutra,2018,IMDB_SCORE
Queen Cleopatra,2023,IMDB_SCORE
Chained Heat 2001: Slave Lovers,2001,IMDB_SCORE
Mistress of Souls,2007,IMDB_SCORE
The Lesser Evil,2014,IMDB_SCORE
Vikrant Rona,2022,TMDB_POPULARITY
Children of the Salt,2017,TMDB_POPULARITY
An Ordinary Mother,2022,TMDB_POPULARITY
Antonia's Line,1995,TMDB_POPULARITY
Mostly Sunny,2017,TMDB_POPULARITY
Freddy,2022,TMDB_POPULARITY
Chandigarh Kare Aashiqui,2021,TMDB_POPULARITY
Mistress,1976,IMDB_SCORE
Milf,2010,IMDB_SCORE
Why Did You Come to My House,2009,IMDB_SCORE
Kraven the Hunter,2024,IMDB_SCORE
The Secret Weapon,2021,IMDB_SCORE
Stepmom 2019,2019,IMDB_SCORE
A Family Affair,2024,IMDB_SCORE
Mistress,1976,TMDB_POPULARITY
Welcome Home,2020,TMDB_POPULARITY
Mistress of Souls,2007,TMDB_POPULARITY
NH 10,2015,TMDB_POPULARITY
Domme,2023,TMDB_POPULARITY
Madaari,2016,TMDB_POPULARITY
The Escort,2016,TMDB_POPULARITY
Guinea Pig Part 2: Flower of Flesh and Blood,1985,IMDB_SCORE
School Of Surrender,2005,IMDB_SCORE
I'm Monica Bellucci,2021,IMDB_SCORE
Paranoia,1969,TMDB_POPULARITY
That They May Face the Rising Sun,2024,TMDB_POPULARITY
The Plan Man,2014,TMDB_POPULARITY
School Of Surrender,2005,TMDB_POPULARITY
The Lesser Evil,2014,TMDB_POPULARITY
Different for Girls,1996,TMDB_POPULARITY
Touched,2024,TMDB_POPULARITY
Bhoothakaalam,2022,TMDB_POPULARITY
"LSD: Love, Sex aur Dhokha",2010,TMDB_POPULARITY
Two Autumns in Paris,2020,TMDB_POPULARITY
Haseena,2018,TMDB_POPULARITY
Chained Heat 2001: Slave Lovers,2001,TMDB_POPULARITY
Some Like It Cold,2014,TMDB_POPULARITY
Mistresses,2019,TMDB_POPULARITY
Why Did You Come to My House,2009,TMDB_POPULARITY
Veere Di Wedding,2018,TMDB_POPULARITY
Free Time,2023,TMDB_POPULARITY
Adire,2023,TMDB_POPULARITY
Fukrey 3,2023,TMDB_POPULARITY
IB 71,2023,TMDB_POPULARITY
Bits & Pieces,1996,TMDB_POPULARITY
The Secret Weapon,2021,TMDB_POPULARITY
Queen of The Night,2013,TMDB_POPULARITY
The Ceremony,2015,TMDB_POPULARITY
Cleopatra,2007,TMDB_POPULARITY
Blink,2024,TMDB_POPULARITY
Spice Up Our Love,2024,TMDB_POPULARITY
I'm Monica Bellucci,2021,TMDB_POPULARITY
Fistik gibi masallah,1964,TMDB_POPULARITY
Good Newwz,2019,TMDB_POPULARITY
Grave of the Fireflies,1988,TMDB_POPULARITY
